id,name,country
1,Dewey Mulholland,China
2,Stacey Shutt,Indonesia
3,Alexandre Sebert,Philippines
4,Ofella Franiak,Indonesia
5,Wesley Bramer,New Zealand
6,Margy Ervin,Mongolia
7,Reid Pol,New Zealand
8,Sigrid Letherbury,China
9,Graeme O'Hengerty,Indonesia
10,Raleigh MacPhee,Sweden
11,Dur Gullefant,China
12,Winifield D'Aulby,Indonesia
13,Donielle Daily,Poland
14,Bennett Whitford,China
15,Sawyer Kavanagh,Russia
16,Selinda Lowten,Russia
17,Teri Driuzzi,Philippines
18,Georgianna Boodle,Armenia
19,Kristo Hughland,Serbia
20,Colline Shoubridge,Thailand
21,Claudetta Hales,Indonesia
22,Mufinella Melarkey,Slovenia
23,Burnaby Meachem,China
24,Eberto Saveall,Indonesia
25,Mitzi Crampton,Malta
26,Ingar Smylie,Netherlands
27,Keri Ebrall,Dominican Republic
28,Gallagher Melarkey,Nicaragua
29,Ari Avrashin,Nigeria
30,Nora Janatka,Czech Republic
31,Merissa Goulding,Mexico
32,Lezley Geraudy,Russia
33,Arny Postle,China
34,Britt Ilem,Kyrgyzstan
35,Annelise Ferryman,Greece
36,Melly Drewe,Hungary
37,Bartie McDool,Portugal
38,Percy Bachellier,Russia
39,Rupert Hurle,Brazil
40,Chrisy Orro,Malaysia
41,Lamond Woolvett,Thailand
42,Art Marquis,Netherlands
43,Becky Drayson,Belarus
44,Sallie McCool,France
45,Lorita Sandes,Somalia
46,Kelley Cappel,United States
47,Torin Frankis,Germany
48,Nicholas Buxey,Indonesia
49,Tamarah Ludye,Syria
50,Arch Ecclestone,China